Название карточки товара;Ссылка;Код;Цена;Ссылка на картинки
Винтажная женская сумка-шоппер Shvigel 16349 Коричневый;https://tviy.club/sumki-genskiekoganye-genskie-sumki/2686-sumki-genskiekoganye-genskie-sumki/vintagnaya-genskaya-sumka-shopper-shvigel-16349-korichnevyj;86997;3570;https://tviy.club/image/cache/catalog/product/2/vintazhnaja-zhenskaja-sumka-shopper-shvigel-16349-korichnevyy-92002840861189__66c4f4fd8f-400x400.jpg
Винтажная женская сумка-шоппер Shvigel 16350 Бордовый;https://tviy.club/sumki-genskiekoganye-genskie-sumki/2686-sumki-genskiekoganye-genskie-sumki/vintagnaya-genskaya-sumka-shopper-shvigel-16350-bordovyj;87000;3570;https://tviy.club/image/cache/catalog/product/5/vintazhnaja-zhenskaja-sumka-shopper-shvigel-16350-bordovyy-43413246891394__44e64f6e5f-400x400.jpg
Винтажная кожаная женская сумка Shvigel 16347 Черный;https://tviy.club/sumki-genskiekoganye-genskie-sumki/2686-sumki-genskiekoganye-genskie-sumki/vintagnaya-koganaya-genskaya-sumka-shvigel-16347-chernyj;86999;3570;https://tviy.club/image/cache/catalog/product/4/vintazhnaja-kozhanaja-zhenskaja-sumka-shvigel-16347-chernyy-14241801390462__57510c5b6b-400x400.jpg
Винтажная яркая кожаная сумка Shvigel 16348 Красный;https://tviy.club/sumki-genskiekoganye-genskie-sumki/2686-sumki-genskiekoganye-genskie-sumki/vintagnaya-yarkaya-koganaya-sumka-shvigel-16348-krasnyj;87001;3570;https://tviy.club/image/cache/catalog/product/7/vintazhnaja-jarkaja-kozhanaja-sumka-shvigel-16348-krasnyy-56579486118045__abbcf32ea5-400x400.jpg
Вместительная женская сумка-шоппер Shvigel 16369 Синий;https://tviy.club/sumki-genskiekoganye-genskie-sumki/2686-sumki-genskiekoganye-genskie-sumki/vmestitelnaya-genskaya-sumka-shopper-shvigel-16369-sinij;86994;3094;https://tviy.club/image/cache/catalog/product/0/36496052153256__9263fe610a-400x400.jpg
Вместительная кожаная женская сумка-шоппер Shvigel 16356 Розовый;https://tviy.club/sumki-genskiekoganye-genskie-sumki/2686-sumki-genskiekoganye-genskie-sumki/vmestitelnaya-koganaya-genskaya-sumka-shopper-shvigel-16356-rozovyj;84105;2856;https://tviy.club/image/cache/catalog/product/6/vmestitelnaja-kozhanaja-zhenskaja-sumka-shopper-shvigel-16356-rozovyy-93049233145004__3ad1f3f41d-400x400.jpg
Женская бананка из натуральной кожи Shvigel 16378 Лимонный;https://tviy.club/sumki-genskiekoganye-genskie-sumki/2686-sumki-genskiekoganye-genskie-sumki/genskaya-bananka-iz-naturalnoj-kogi-shvigel-16378-limonnyj;82160;991;https://tviy.club/image/cache/catalog/product/8/zhenskaja-bananka-iz-naturalnoy-kozhi-shvigel-16378-limonnyy-43982507877955__ee4efa9c32-400x400.jpg
Женская бананка из натуральной кожи Shvigel 16389 Серый;https://tviy.club/sumki-genskiekoganye-genskie-sumki/2686-sumki-genskiekoganye-genskie-sumki/genskaya-bananka-iz-naturalnoj-kogi-shvigel-16389-seryj;82163;1074;https://tviy.club/image/cache/catalog/product/1/zhenskaja-bananka-iz-naturalnoy-kozhi-shvigel-16389-seryy-38424809943510__accb71063d-400x400.jpg
Женская кожаная бананка Shvigel 16375 Розовый;https://tviy.club/sumki-genskiekoganye-genskie-sumki/2686-sumki-genskiekoganye-genskie-sumki/genskaya-koganaya-bananka-shvigel-16375-rozovyj;82159;991;https://tviy.club/image/cache/catalog/product/7/zhenskaja-kozhanaja-bananka-shvigel-16375-rozovyy-28164857614810__2db4249597-400x400.jpg
Женская кожаная сумка Vintage 20488 Черный;https://tviy.club/sumki-genskiekoganye-genskie-sumki/2686-sumki-genskiekoganye-genskie-sumki/genskaya-koganaya-sumka-vintage-20488-chernyj;82152;743;https://tviy.club/image/cache/catalog/product/8/zhenskaja-kozhanaja-sumka-vintage-20488-chernyy-79748573463005__fa8a9d96ff-400x400.jpg
Женская кожаная сумка на пояс Shvigel 16372 Красный;https://tviy.club/sumki-genskiekoganye-genskie-sumki/2686-sumki-genskiekoganye-genskie-sumki/genskaya-koganaya-sumka-na-poyas-shvigel-16372-krasnyj;82158;991;https://tviy.club/image/cache/catalog/product/5/zhenskaja-kozhanaja-sumka-na-pojas-shvigel-16372-krasnyy-92646287089471__b04262902a-400x400.jpg
Женская кожаная сумка-кошелек GRANDE PELLE 11441 Красный;https://tviy.club/sumki-genskiekoganye-genskie-sumki/2686-sumki-genskiekoganye-genskie-sumki/genskaya-koganaya-sumka-koshelek-grande-pelle-11441-krasnyj;83984;1690;https://tviy.club/image/cache/catalog/product/7/zhenskaja-kozhanaja-sumka-koshelek-grande-pelle-11441-krasnyy-95273839578302__22cdf424b1-400x400.jpg
Женская поясная кожаная сумка 20342 Vintage Разноцветная;https://tviy.club/sumki-genskiekoganye-genskie-sumki/2686-sumki-genskiekoganye-genskie-sumki/genskaya-poyasnaya-koganaya-sumka-20342-vintage-raznotsvetnaya;83863;1787;https://tviy.club/image/cache/catalog/product/1/zhenskaya-poyasnaya-kozhanaya-sumka-20342-vintage-raznotsvetnaya.html-22995789206210__b2c933c13e-400x400.jpg
Женская стильная сумка из натуральной кожи GRANDE PELLE 11434 Черный;https://tviy.club/sumki-genskiekoganye-genskie-sumki/2686-sumki-genskiekoganye-genskie-sumki/genskaya-stilnaya-sumka-iz-naturalnoj-kogi-grande-pelle-11434-chernyj;83981;2487;https://tviy.club/image/cache/catalog/product/4/zhenskaja-stilnaja-sumka-iz-naturalnoy-kozhi-grande-pelle-11434-chernyy-30619158645405__19440380c3-400x400.jpg
Женская сумка из натуральной кожи GRANDE PELLE 11435 Розовый;https://tviy.club/sumki-genskiekoganye-genskie-sumki/2686-sumki-genskiekoganye-genskie-sumki/genskaya-sumka-iz-naturalnoj-kogi-grande-pelle-11435-rozovyj;83982;2487;https://tviy.club/image/cache/catalog/product/5/zhenskaja-sumka-iz-naturalnoy-kozhi-grande-pelle-11435-rozovyy-83264921193263__04d907412d-400x400.jpg
Женская сумка кросс-боди из натуральной кожи Shvigel 16342 Красный;https://tviy.club/sumki-genskiekoganye-genskie-sumki/2686-sumki-genskiekoganye-genskie-sumki/genskaya-sumka-kross-bodi-iz-naturalnoj-kogi-shvigel-16342-krasnyj;84040;1652;https://tviy.club/image/cache/catalog/product/5/zhenskaja-sumka-kross-bodi-iz-naturalnoy-kozhi-shvigel-16342-krasnyy-75144643025275__90ae3d08b6-400x400.jpg
Женская сумка кросс-боди из натуральной кожи Shvigel 16344 Желтый;https://tviy.club/sumki-genskiekoganye-genskie-sumki/2686-sumki-genskiekoganye-genskie-sumki/genskaya-sumka-kross-bodi-iz-naturalnoj-kogi-shvigel-16344-geltyj;84041;1652;https://tviy.club/image/cache/catalog/product/6/zhenskaja-sumka-kross-bodi-iz-naturalnoy-kozhi-shvigel-16344-zheltyy-75242287745805__930b35e553-400x400.jpg
Женская сумка-шопер из натуральной кожи GRANDE PELLE 11436 Черный;https://tviy.club/sumki-genskiekoganye-genskie-sumki/2686-sumki-genskiekoganye-genskie-sumki/genskaya-sumka-shoper-iz-naturalnoj-kogi-grande-pelle-11436-chernyj;86979;3414;https://tviy.club/image/cache/catalog/product/9/zhenskaja-sumka-shoper-iz-naturalnoy-kozhi-grande-pelle-11436-chernyy-56174881229451__961638dbb6-400x400.jpg
Классическая женская сумка в коже флотар Vintage 14861 Черная;https://tviy.club/sumki-genskiekoganye-genskie-sumki/2686-sumki-genskiekoganye-genskie-sumki/klassicheskaya-genskaya-sumka-v-koge-flotar-vintage-14861-chernaya;83505;2254;https://tviy.club/image/cache/catalog/product/9/klassicheskaya-zhenskaya-sumka-v-kozhe-flotar-vintage-14861-chernaya.html-73784051488458__40ad2086aa-400x400.jpg
Классическая женская сумка в коже флотар Vintage 14875 Рыжая;https://tviy.club/sumki-genskiekoganye-genskie-sumki/2686-sumki-genskiekoganye-genskie-sumki/klassicheskaya-genskaya-sumka-v-koge-flotar-vintage-14875-rygaya;83517;2254;https://tviy.club/image/cache/catalog/product/4/klassicheskaya-zhenskaya-sumka-v-kozhe-flotar-vintage-14875-ryzhaya.html-39136792357819__a46b47e9aa-400x400.jpg
Классическая женская сумка-шоппер Shvigel 16365 Черный;https://tviy.club/sumki-genskiekoganye-genskie-sumki/2686-sumki-genskiekoganye-genskie-sumki/klassicheskaya-genskaya-sumka-shopper-shvigel-16365-chernyj;86990;3094;https://tviy.club/image/cache/catalog/product/5/69749260020804__f1088d6d20-400x400.jpg
Клатч женский STINGRAY LEATHER 18507 из натуральной кожи морского ската Черный;https://tviy.club/sumki-genskiekoganye-genskie-sumki/2686-sumki-genskiekoganye-genskie-sumki/klatch-genskij-stingray-leather-18507-iz-naturalnoj-kogi-morskogo-skata-chernyj;86769;4283;https://tviy.club/image/cache/catalog/product/5/18507.html-16472045940014__3838cabafb-400x400.jpg
Клатч женский STINGRAY LEATHER 18508 из натуральной кожи морского ската Красный;https://tviy.club/sumki-genskiekoganye-genskie-sumki/2686-sumki-genskiekoganye-genskie-sumki/klatch-genskij-stingray-leather-18508-iz-naturalnoj-kogi-morskogo-skata-krasnyj;86770;4283;https://tviy.club/image/cache/catalog/product/6/18508.html-32309419267705__2b876fbe91-400x400.jpg
Кожаная винтажная женская сумка Shvigel 16351 Зеленый;https://tviy.club/sumki-genskiekoganye-genskie-sumki/2686-sumki-genskiekoganye-genskie-sumki/koganaya-vintagnaya-genskaya-sumka-shvigel-16351-zelenyj;87002;3570;https://tviy.club/image/cache/catalog/product/8/kozhanaja-vintazhnaja-zhenskaja-sumka-shvigel-16351-zelenyy-83887822113515__e7ad71d8a0-400x400.jpg
Кожаная вместительная женская сумка Shvigel 16355 Красный;https://tviy.club/sumki-genskiekoganye-genskie-sumki/2686-sumki-genskiekoganye-genskie-sumki/koganaya-vmestitelnaya-genskaya-sumka-shvigel-16355-krasnyj;84104;2856;https://tviy.club/image/cache/catalog/product/4/kozhanaja-vmestitelnaja-zhenskaja-sumka-shvigel-16355-krasnyy-51038415483392__78eadaedbb-400x400.jpg
Кожаная женская бананка Shvigel 16373 Черный;https://tviy.club/sumki-genskiekoganye-genskie-sumki/2686-sumki-genskiekoganye-genskie-sumki/koganaya-genskaya-bananka-shvigel-16373-chernyj;84122;1224;https://tviy.club/image/cache/catalog/product/4/kozhanaja-zhenskaja-bananka-shvigel-16373-chernyy-82858361119267__75fb327a16-400x400.jpg
Кожаная женская бананка Shvigel 16384 Белый;https://tviy.club/sumki-genskiekoganye-genskie-sumki/2686-sumki-genskiekoganye-genskie-sumki/koganaya-genskaya-bananka-shvigel-16384-belyj;84071;1326;https://tviy.club/image/cache/catalog/product/2/25361902208907__427358338d-400x400.jpg
Кожаная женская сумка на пояс Shvigel 16390 Зеленый;https://tviy.club/sumki-genskiekoganye-genskie-sumki/2686-sumki-genskiekoganye-genskie-sumki/koganaya-genskaya-sumka-na-poyas-shvigel-16390-zelenyj;84072;1326;https://tviy.club/image/cache/catalog/product/3/29381126087928__a2176b7ff1-400x400.jpg
Кожаная женская сумка-шоппер Shvigel 16360 Серый;https://tviy.club/sumki-genskiekoganye-genskie-sumki/2686-sumki-genskiekoganye-genskie-sumki/koganaya-genskaya-sumka-shopper-shvigel-16360-seryj;84118;2856;https://tviy.club/image/cache/catalog/product/0/kozhanaja-zhenskaja-sumka-shopper-shvigel-16360-seryy-84065497427506__5122697baf-400x400.jpg
Кожаная женская сумка-шоппер Shvigel 16367 Зеленый;https://tviy.club/sumki-genskiekoganye-genskie-sumki/2686-sumki-genskiekoganye-genskie-sumki/koganaya-genskaya-sumka-shopper-shvigel-16367-zelenyj;86992;3094;https://tviy.club/image/cache/catalog/product/8/42970303745482__48ffb143f5-400x400.jpg
Кожаная женская сумка-шоппер Shvigel 16370 Коричневый;https://tviy.club/sumki-genskiekoganye-genskie-sumki/2686-sumki-genskiekoganye-genskie-sumki/koganaya-genskaya-sumka-shopper-shvigel-16370-korichnevyj;86995;3094;https://tviy.club/image/cache/catalog/product/1/40476549238209__4456df5330-400x400.jpg
Кожаная матовая бананка Shvigel 16381 Коричневый;https://tviy.club/sumki-genskiekoganye-genskie-sumki/2686-sumki-genskiekoganye-genskie-sumki/koganaya-matovaya-bananka-shvigel-16381-korichnevyj;84069;1224;https://tviy.club/image/cache/catalog/product/0/27938967641259__f1afc00f22-400x400.jpg
Кожаная матовая женская сумка Shvigel 16363 Коричневый;https://tviy.club/sumki-genskiekoganye-genskie-sumki/2686-sumki-genskiekoganye-genskie-sumki/koganaya-matovaya-genskaya-sumka-shvigel-16363-korichnevyj;84102;2856;https://tviy.club/image/cache/catalog/product/1/kozhanaja-matovaja-zhenskaja-sumka-shvigel-16363-korichnevyy-12333636094111__e429ca82e5-400x400.jpg
Кожаная практичная женская бананка Shvigel 16376 Лиловый;https://tviy.club/sumki-genskiekoganye-genskie-sumki/2686-sumki-genskiekoganye-genskie-sumki/koganaya-praktichnaya-genskaya-bananka-shvigel-16376-lilovyj;84067;1224;https://tviy.club/image/cache/catalog/product/7/31471053459479__47ecaf98b5-400x400.jpg
Кожаная удобная женская бананка Shvigel 16374 Голубой;https://tviy.club/sumki-genskiekoganye-genskie-sumki/2686-sumki-genskiekoganye-genskie-sumki/koganaya-udobnaya-genskaya-bananka-shvigel-16374-goluboj;84066;1224;https://tviy.club/image/cache/catalog/product/6/65959765435946__53e8a565e5-400x400.jpg
Кожаная универсальная женская бананка Shvigel 16383 Черный;https://tviy.club/sumki-genskiekoganye-genskie-sumki/2686-sumki-genskiekoganye-genskie-sumki/koganaya-universalnaya-genskaya-bananka-shvigel-16383-chernyj;84070;1326;https://tviy.club/image/cache/catalog/product/1/40754938016691__afc641a2e6-400x400.jpg
Кожаная универсальная женская сумка Shvigel 16354 Черный;https://tviy.club/sumki-genskiekoganye-genskie-sumki/2686-sumki-genskiekoganye-genskie-sumki/koganaya-universalnaya-genskaya-sumka-shvigel-16354-chernyj;84103;2856;https://tviy.club/image/cache/catalog/product/2/kozhanaja-universalnaja-zhenskaja-sumka-shvigel-16354-chernyy-54029054375324__c6fc3db53f-400x400.jpg
Кожаная яркая женская бананка Shvigel 16377 Желтый;https://tviy.club/sumki-genskiekoganye-genskie-sumki/2686-sumki-genskiekoganye-genskie-sumki/koganaya-yarkaya-genskaya-bananka-shvigel-16377-geltyj;84068;1224;https://tviy.club/image/cache/catalog/product/8/40575737920794__ddfc35b2ff-400x400.jpg
Матовая женская бананка Shvigel 16395 Коричневый;https://tviy.club/sumki-genskiekoganye-genskie-sumki/2686-sumki-genskiekoganye-genskie-sumki/matovaya-genskaya-bananka-shvigel-16395-korichnevyj;84121;1530;https://tviy.club/image/cache/catalog/product/3/matovaja-zhenskaja-bananka-shvigel-16395-korichnevyy-44564744019667__29053b188c-400x400.jpg
Модная женская бананка из натуральной кожи Shvigel 16392 Малиновый;https://tviy.club/sumki-genskiekoganye-genskie-sumki/2686-sumki-genskiekoganye-genskie-sumki/modnaya-genskaya-bananka-iz-naturalnoj-kogi-shvigel-16392-malinovyj;82165;1074;https://tviy.club/image/cache/catalog/product/3/modnaja-zhenskaja-bananka-iz-naturalnoy-kozhi-shvigel-16392-malinovyy-96262514498115__1f555cf9b8-400x400.jpg
Оригинальная женская бананка из натуральной кожи Shvigel 16379 Серый;https://tviy.club/sumki-genskiekoganye-genskie-sumki/2686-sumki-genskiekoganye-genskie-sumki/originalnaya-genskaya-bananka-iz-naturalnoj-kogi-shvigel-16379-seryj;82161;991;https://tviy.club/image/cache/catalog/product/9/originalnaja-zhenskaja-bananka-iz-naturalnoy-kozhi-shvigel-16379-seryy-94435967622064__f50d44d395-400x400.jpg
Практичная женская бананка Shvigel 16385 Розовый;https://tviy.club/sumki-genskiekoganye-genskie-sumki/2686-sumki-genskiekoganye-genskie-sumki/praktichnaya-genskaya-bananka-shvigel-16385-rozovyj;84123;1326;https://tviy.club/image/cache/catalog/product/5/praktichnaja-zhenskaja-bananka-shvigel-16385-rozovyy-45808363522245__998e76a9a8-400x400.jpg
Практичная кожаная женская поясная сумка GRANDE PELLE 11359 Розовый;https://tviy.club/sumki-genskiekoganye-genskie-sumki/2686-sumki-genskiekoganye-genskie-sumki/praktichnaya-koganaya-genskaya-poyasnaya-sumka-grande-pelle-11359-rozovyj;83996;1984;https://tviy.club/image/cache/catalog/product/0/praktichnaja-kozhanaja-zhenskaja-pojasnaja-sumka-grande-pelle-11359-rozovyy-40584086738500__ff542ebea4-400x400.jpg
Современная женская сумка-шоппер Shvigel 16361 Голубой;https://tviy.club/sumki-genskiekoganye-genskie-sumki/2686-sumki-genskiekoganye-genskie-sumki/sovremennaya-genskaya-sumka-shopper-shvigel-16361-goluboj;84117;2856;https://tviy.club/image/cache/catalog/product/9/sovremennaja-zhenskaja-sumka-shopper-shvigel-16361-goluboy-23293443331862__e433355f7a-400x400.jpg
Стильная винтажная женская бананка Shvigel 16394 Черный;https://tviy.club/sumki-genskiekoganye-genskie-sumki/2686-sumki-genskiekoganye-genskie-sumki/stilnaya-vintagnaya-genskaya-bananka-shvigel-16394-chernyj;84124;1530;https://tviy.club/image/cache/catalog/product/7/stilnaja-vintazhnaja-zhenskaja-bananka-shvigel-16394-chernyy-66244954966348__ee9931f3da-400x400.jpg
Стильная винтажная женская сумка Shvigel 16338 Черный;https://tviy.club/sumki-genskiekoganye-genskie-sumki/2686-sumki-genskiekoganye-genskie-sumki/stilnaya-vintagnaya-genskaya-sumka-shvigel-16338-chernyj;86998;4080;https://tviy.club/image/cache/catalog/product/4/stilnaja-vintazhnaja-zhenskaja-sumka-shvigel-16338-chernyy-95096955942430__442574d69e-400x400.jpg
Стильная женская бананка из натуральной кожи Shvigel 16391 Бежевый;https://tviy.club/sumki-genskiekoganye-genskie-sumki/2686-sumki-genskiekoganye-genskie-sumki/stilnaya-genskaya-bananka-iz-naturalnoj-kogi-shvigel-16391-begevyj;82164;1074;https://tviy.club/image/cache/catalog/product/2/stilnaja-zhenskaja-bananka-iz-naturalnoy-kozhi-shvigel-16391-bezhevyy-86217139088264__8ad35f44fe-400x400.jpg
Стильная женская сумка Shvigel 16358 Желтый;https://tviy.club/sumki-genskiekoganye-genskie-sumki/2686-sumki-genskiekoganye-genskie-sumki/stilnaya-genskaya-sumka-shvigel-16358-geltyj;84097;2856;https://tviy.club/image/cache/catalog/product/6/stilnaja-zhenskaja-sumka-shvigel-16358-zheltyy-33792724942766__ea7a0cf45f-400x400.jpg
Стильная женская сумка-шоппер Shvigel 16368 Бордовый;https://tviy.club/sumki-genskiekoganye-genskie-sumki/2686-sumki-genskiekoganye-genskie-sumki/stilnaya-genskaya-sumka-shopper-shvigel-16368-bordovyj;86993;3094;https://tviy.club/image/cache/catalog/product/9/48888319205834__37dddc0d93-400x400.jpg
Сумка женская CROCODILE LEATHER 18618 из натуральной кожи крокодила Черная;https://tviy.club/sumki-genskiekoganye-genskie-sumki/2686-sumki-genskiekoganye-genskie-sumki/sumka-genskaya-crocodile-leather-18618-iz-naturalnoj-kogi-krokodila-chernaya;86743;22369;https://tviy.club/image/cache/catalog/product/2/18618.html-87523316594455__56e3cb7124-400x400.jpg
Сумка женская кожаная на 2 отделения Vintage 20050 Черная;https://tviy.club/sumki-genskiekoganye-genskie-sumki/2686-sumki-genskiekoganye-genskie-sumki/sumka-genskaya-koganaya-na-2-otdeleniya-vintage-20050-chernaya;83727;1308;https://tviy.club/image/cache/catalog/product/3/sumka-zhenskaya-kozhanaya-na-2-otdeleniya-vintage-20050-chernaya.html-66694862273771__ee569fa3be-400x400.jpg
Сумка женская кожаная на одно отделение Vintage 20051 Черная;https://tviy.club/sumki-genskiekoganye-genskie-sumki/2686-sumki-genskiekoganye-genskie-sumki/sumka-genskaya-koganaya-na-odno-otdelenie-vintage-20051-chernaya;83728;1281;https://tviy.club/image/cache/catalog/product/4/sumka-zhenskaya-kozhanaya-na-odno-otdelenie-vintage-20051-chernaya.html-73138980025389__75b572d020-400x400.jpg
Сумка женская на молнии флотар Vintage 20405 Красная;https://tviy.club/sumki-genskiekoganye-genskie-sumki/2686-sumki-genskiekoganye-genskie-sumki/sumka-genskaya-na-molnii-flotar-vintage-20405-krasnaya;83907;1445;https://tviy.club/image/cache/catalog/product/2/sumka-zhenskaja-na-molnii-flotar-vintage-20405-krasnaja-44141831595902__fe16415aaf-400x400.jpg
Сумка женская на молнии флотар Vintage 20406 Синяя;https://tviy.club/sumki-genskiekoganye-genskie-sumki/2686-sumki-genskiekoganye-genskie-sumki/sumka-genskaya-na-molnii-flotar-vintage-20406-sinyaya;83908;1445;https://tviy.club/image/cache/catalog/product/3/sumka-zhenskaja-na-molnii-flotar-vintage-20406-sinjaja-11949777268698__f4cdb4b383-400x400.jpg
Сумка женская на молнии флотар Vintage 20407 Черная;https://tviy.club/sumki-genskiekoganye-genskie-sumki/2686-sumki-genskiekoganye-genskie-sumki/sumka-genskaya-na-molnii-flotar-vintage-20407-chernaya;83909;1445;https://tviy.club/image/cache/catalog/product/3/sumka-zhenskaja-na-molnii-flotar-vintage-20407-chernaja-53428432918113__9eb1bba936-400x400.jpg
Сумка женская прямоугольной формы Vintage 20400 Черная;https://tviy.club/sumki-genskiekoganye-genskie-sumki/2686-sumki-genskiekoganye-genskie-sumki/sumka-genskaya-pryamougolnoj-formy-vintage-20400-chernaya;86975;3085;https://tviy.club/image/cache/catalog/product/1/sumka-zhenskaja-prjamougolnoy-formy-vintage-20400-chernaja-24775196101406__cd6c12f374-400x400.jpg
Сумка клатч с цепочкой Vintage 20408 Оранжевая;https://tviy.club/sumki-genskiekoganye-genskie-sumki/2686-sumki-genskiekoganye-genskie-sumki/sumka-klatch-s-tsepochkoj-vintage-20408-orangevaya;83910;1773;https://tviy.club/image/cache/catalog/product/5/sumka-klatch-s-cepochkoy-vintage-20408-oranzhevaja-17676120609912__8045749dea-400x400.jpg
Сумка клатч с цепочкой Vintage 20409 Черная;https://tviy.club/sumki-genskiekoganye-genskie-sumki/2686-sumki-genskiekoganye-genskie-sumki/sumka-klatch-s-tsepochkoj-vintage-20409-chernaya;83911;1977;https://tviy.club/image/cache/catalog/product/6/sumka-klatch-s-cepochkoy-vintage-20409-chernaja-98052377771884__7ff60de259-400x400.jpg
Яркая женская бананка из натуральной кожи Shvigel 16386 Фиолетовый;https://tviy.club/sumki-genskiekoganye-genskie-sumki/2686-sumki-genskiekoganye-genskie-sumki/yarkaya-genskaya-bananka-iz-naturalnoj-kogi-shvigel-16386-fioletovyj;82162;1074;https://tviy.club/image/cache/catalog/product/0/jarkaja-zhenskaja-bananka-iz-naturalnoy-kozhi-shvigel-16386-fioletovyy-50368482574220__3454711075-400x400.jpg
Яркая женская сумка-шоппер Shvigel 16359 Лимонный;https://tviy.club/sumki-genskiekoganye-genskie-sumki/2686-sumki-genskiekoganye-genskie-sumki/yarkaya-genskaya-sumka-shopper-shvigel-16359-limonnyj;84089;2856;https://tviy.club/image/cache/catalog/product/7/jarkaja-zhenskaja-sumka-shopper-shvigel-16359-limonnyy-54455020347548__ddc65bd7a1-400x400.jpg
Яркая женская сумка-шоппер из натуральной кожи Shvigel 16366 Красный;https://tviy.club/sumki-genskiekoganye-genskie-sumki/2686-sumki-genskiekoganye-genskie-sumki/yarkaya-genskaya-sumka-shopper-iz-naturalnoj-kogi-shvigel-16366-krasnyj;86991;3094;https://tviy.club/image/cache/catalog/product/6/82598195101351__dca5c39c74-400x400.jpg
Женская компактная сумка из кожи 20415 Vintage Черная;https://tviy.club/sumki-genskiekoganye-genskie-sumki/2686-sumki-genskiekoganye-genskie-sumki/genskaya-kompaktnaya-sumka-iz-kogi-20415-vintage-chernaya;81818;955;https://tviy.club/image/cache/catalog/product/4/zhenskaja-kompaktnaja-sumka-iz-kozhi-20415-vintage-chernaja-17675954964616__5a31684319-400x400.jpg
Женская сумка кросс-боди из натуральной кожи Shvigel 16341 Черный;https://tviy.club/sumki-genskiekoganye-genskie-sumki/2686-sumki-genskiekoganye-genskie-sumki/genskaya-sumka-kross-bodi-iz-naturalnoj-kogi-shvigel-16341-chernyj;84039;1652;https://tviy.club/image/cache/catalog/product/4/zhenskaja-sumka-kross-bodi-iz-naturalnoy-kozhi-shvigel-16341-chernyy-47711479959638__ccd66429e0-400x400.jpg
Женский клатч Vintage 14901 Красный;https://tviy.club/sumki-genskiekoganye-genskie-sumki/2686-sumki-genskiekoganye-genskie-sumki/genskij-klatch-vintage-14901-krasnyj;83540;1348;https://tviy.club/image/cache/catalog/product/4/zhenskiy-klatch-vintage-14901-krasnyy.html-43629048204376__a5667ee1b5-400x400.jpg
Женский клатч Vintage 14902 Черный;https://tviy.club/sumki-genskiekoganye-genskie-sumki/2686-sumki-genskiekoganye-genskie-sumki/genskij-klatch-vintage-14902-chernyj;83541;1348;https://tviy.club/image/cache/catalog/product/4/zhenskiy-klatch-vintage-14902-chernyy.html-16336615031909__20a90d94d5-400x400.jpg
Клатч CROCODILE LEATHER 18244 из натуральной кожи крокодила Черный;https://tviy.club/sumki-genskiekoganye-genskie-sumki/2686-sumki-genskiekoganye-genskie-sumki/klatch-crocodile-leather-18244-iz-naturalnoj-kogi-krokodila-chernyj;86696;4998;https://tviy.club/image/cache/catalog/product/0/18244.html-89973626120222__0bd4e9b0f5-400x400.jpg
Клатч CROCODILE LEATHER 18245 из натуральной кожи крокодила Коричневый;https://tviy.club/sumki-genskiekoganye-genskie-sumki/2686-sumki-genskiekoganye-genskie-sumki/klatch-crocodile-leather-18245-iz-naturalnoj-kogi-krokodila-korichnevyj;83068;2499;https://tviy.club/image/cache/catalog/product/5/18245.html-80077742536862__98e0e98d7e-400x400.jpg
Клатч CROCODILE LEATHER 18246 из натуральной кожи крокодила Рыжий;https://tviy.club/sumki-genskiekoganye-genskie-sumki/2686-sumki-genskiekoganye-genskie-sumki/klatch-crocodile-leather-18246-iz-naturalnoj-kogi-krokodila-rygij;83069;2499;https://tviy.club/image/cache/catalog/product/6/18246.html-94226961293154__c03b1a6878-400x400.jpg
Клатч женский SEA SNAKE LEATHER 18510 из натуральной кожи морской змеи Черный;https://tviy.club/sumki-genskiekoganye-genskie-sumki/2686-sumki-genskiekoganye-genskie-sumki/klatch-genskij-sea-snake-leather-18510-iz-naturalnoj-kogi-morskoj-zmei-chernyj;86772;6052;https://tviy.club/image/cache/catalog/product/7/klatch-zhenskiy-sea-snake-leather-18510-iz-naturalnoy-kozhi-morskoy-zmei-chernyy.html-23001319589337__e4d010408b-400x400.jpg
Клатч женский SNAKE LEATHER 18509 из натуральной кожи питона Серый;https://tviy.club/sumki-genskiekoganye-genskie-sumki/2686-sumki-genskiekoganye-genskie-sumki/klatch-genskij-snake-leather-18509-iz-naturalnoj-kogi-pitona-seryj;86771;6392;https://tviy.club/image/cache/catalog/product/6/18509.html-14959852671550__668d356e3a-400x400.jpg
Клатч женский STINGRAY LEATHER 18504 из натуральной кожи морского ската со вставками из кожи питона Черный;https://tviy.club/sumki-genskiekoganye-genskie-sumki/2686-sumki-genskiekoganye-genskie-sumki/klatch-genskij-stingray-leather-18504-iz-naturalnoj-kogi-morskogo-skata-so-vstavkami-iz-kogi-pitona-chernyj;86767;5712;https://tviy.club/image/cache/catalog/product/5/18504.html-37435356253865__b1faa99350-400x400.jpg
Клатч женский STINGRAY LEATHER 18511 из натуральной кожи морского ската со вставками кожи питона Черный;https://tviy.club/sumki-genskiekoganye-genskie-sumki/2686-sumki-genskiekoganye-genskie-sumki/klatch-genskij-stingray-leather-18511-iz-naturalnoj-kogi-morskogo-skata-so-vstavkami-kogi-pitona-chernyj;83238;2856;https://tviy.club/image/cache/catalog/product/9/18511.html-73792174777072__98dfc16029-400x400.jpg
